Sequence,Label
GCCCCUGGGCCUAUCCUAGAA,1
ACUCCAGCCCCACAGCCUCAGC,1
GAGCAGGCGAGGCUGGGCUGAA,0
GGAGAAAUUAUCCUUGGUGUGU,1
CCAGAGCAGCCUGCGGUAACAGU,0
AUCACACAAAGGCAACUUUUGU,1
AAUAAUAUCACAGUAGGUGUAC,0
UAUAAAAUGAGGGCAGUAAGAC,0
GCGACGAGCCCCUCGCACAAACC,1
GGGGCUGUGAUUGACCAGCAGG,0
UGAGCUGCUGUACCAAAAU,0
UCUUGAAGUCAGAACCCGCAA,0
UGGAGUCCAGGAAUCUGCAUUUU,0
UCUGGCUCCGUGUCUUCACUCCC,1
CUCUUGAGGGAAGCACUUUCUGU,1
UUUAACAUGGGGGUACCUGCUG,1
ACAGCCCAGCAGUUAUCACGGG,0
AUCUGCCAGCUUCCACAGUGG,0
UGGCCAAAAAGCAGGCAGAGA,0
UAGGCCACAGCCACCCAUGUGU,0
UGCAGCUCUGGUGGAAAAUGGAG,0
ACACAUGGGUGGCUGUGGCCU,0
UUUAGAUUGAACAUGAAGUUAG,0
CUUAUGCAAGAUUCCCUUCUAC,1
AGGGACUUUUGGGGGCAGAUGUG,1
CUCUCACCACUGCCCUCCCACAG,1
AGGGACUGCCUUAGGAGAAAGUU,1
GGUGCAGUGCUGCAUCUCUGGU,1
CUAUACGACCUGCUGCCUUUCU,1
GAAAGUAAUUGCUGUUUUUGCC,0
AGGUAGACUGGGAUUUGUUGUU,0
GGAGGCCGGGGUGGGGCGGGGCGG,1
CAGGUAGAUAUUUGAUAGGCAU,0
AAGUGAUCUAAAGGCCUACAU,0
UCAGCUGGCCCUCAUUUC,0
UGAGAACUGAAUUCCAUGGGUU,1
AUGCUGACAUAUUUACUAGAGG,1
GGUGGGAUGGAGAGAAGGUAUGAG,0
CUCUCCUCCCGGCUUC,1
AGGUGGAUGCAAUGUGACCUCA,0
CAGGAGGCAGUGGGCGAGCAGG,0
UGAUAUGUUUGAUAUAUUAGGU,1
GCUGCGCUUGGAUUUCGUCCCC,1
UAACACUGUCUGGUAAAGAUGG,1
AACAUAGAGGAAAUUCCACGU,1
UAACAGUCUCCAGUCACGGCC,1
GUCCUCCAGGCCAUGAGCUGCGG,0
CCCCGGUGUUGGGGCGCGUCUGC,0
CUGUGGGCUCAGCGCGUGGGG,0
AUAGGACUCAUAUAGUGCCAG,0
CGCGCGGCCGUGCUCGGAGCAG,0
GCUGCACCGGAGACUGGGUAA,0
UACAGAUGCAGAUUCUCUGACUUC,0
CACCGGGGAUGGCAGAGGGUCG,0
AGAUGUAUGGAAUCUGUAUAUAUC,0
GGUCCAGAGGGGAGAUAGGUUC,1
CUUCCGGUCUGUGAGCCCCGUC,1
UACAUGGAUGGAAACCUUCAAGC,0
AAAAGCUGGGUUGAGAGGGU,1
ACUGGGAAGAGGAGCUGAGGGA,1
UAAUACUGCCUGGUAAUGAUGA,1
GUCCCUCUCCAAAUGUGUCUUG,1
AGCAGAGGCAGAGAGGCUCAGG,0
CUGCCAAUUCCAUAGGUCACAG,1
UGGAGUGUGACAAUGGUGUUUG,1
CGAAUCAUUAUUUGCUGCUCUA,1
GGGGAGCGAGGGGCGGGGC,1
UAACGGCCGCGGUACCCUAA,1
AGUGGGGAACCCUUCCAUGAGG,1
CUGAUAAGAACAGAGGCCCAGAU,1
UAUGGCACUGGUAGAAUUCACU,1
GAAAAUGAUGAGUAGUGACUGAUG,1
UGGCCCGGCGACGUCUCACGGUC,0
GCAGGUGCUCACUUGUCCUCCU,0
CUGGGGGACGCGUGAGCGCGAGC,0
AGAUAUUUUGAGUGUUUGGAAUUG,0
CUGCGCAAGCUACUGCCUUGCU,1
UGAGUAUUACAUGGCCAAUCUC,1
GCGGUGAUCCCGAUGGUGUGAGC,1
AACUCUGACCCCUUAGGUUGAU,0
ACUGCCCUAAGUGCUCCUUCUGG,1
ACCCUAUCAAUAUUGUCUCUGC,1
UAAGUGCUUCCAUGUUUCAGUGG,1
UCUACAAAGGAAAGCGCUUUCU,0
AGUUUUGCAGGUUUGCAUCCAGC,1
AAUCAUUCACGGACAACACUU,1
UGUCAGUUUGUCAAAUACCCCA,1
UAAUACUGCCGGGUAAUGAUGGA,1
AGUGGCAAAGUCUUUCCAUAU,0
GCCUGGAGCUACUCCACCAUCUC,0
UCGUAUCAGAGAUUCCAGACAC,0
CACGGCAAAAGAAACAAUCCA,0
UCAAAUGCUCAGACUCCUGUGGU,1
GAUGGAAGGACGGGAAGUGGA,1
UACGUCAUCGUUGUCAUCGUCA,1
CAAUUUAGUGUGUGUGAUAUUU,1
CUCUCUACUGACUUGCAACAUA,0
UGAGGCUAAUGCACUACUUCAC,0
CAUCUCUAAGGAACUCCCCCAA,0
CUCACUGAUCAAUGAAUGCA,0
UCCAGCAUCAGUGAUUUUGUUG,1
UCGUGUCUUGUGUUGCAGCCGG,1
UCAGUAAAUGUUUAUUAGAUGA,0
UAUGUAACAUGGUCCACUAACU,1
UGAUAUGUUUGAUAUUGGGUUG,1
AGCUGUCUGAAAAUGUCUU,0
UCACAACAACCUUGCAGGGUAGA,0
AAGCUUUUUGCUCGAAUUAUGU,1
CAUCUGGCAUCCGUCACACAGA,0
CAGCAGCAAUUCAUGUUUUGAA,1
UCCUGCCACCUCCUCCGCAG,1
UCCGUCUCAGUUACUUUAUAGC,1
AGGGGGGCACUGCGCAAGCAAAGCC,0
AAAAGUAAUUGCGAGUUUUACC,1
GUCACUGAUGUCUGUAGCUGAG,1
AGAGAUGAAGCGGGGGGGCG,1
AGCGGUCUGUUCAGGUGGAUGA,1
AGGGGCUGGCUUUCCUCUGGUC,1
AGAAUUGUGGCUGGACAUCUGU,0
UUUCUUCUUAGACAUGGCAGCU,0
UUCCAGCCCUGGUAGGCGCCGCG,0
UAUAGGGAUUGGAGCCGUGGCG,1
CUGUCCUAAGGUUGUUGAGUU,1
AUGGAUAAGGCUUUGGCUU,1
UGCUGAUGGCAGAUGUCGGGUCUG,1
CAGUGGUUUUACCCUAUGGUAG,1
UGCGCCUCGGGUGAGCAUG,1
CCUCAGGGCUGUAGAACAGGGCU,0
UAUACCUCAGUUUUAUCAGGUG,0
AUGGUUCCGUCAAGCACCAUGG,0
UGGGCUGAGGGCAGGAGGCCUGU,0
UAGCACCAUUUGAAAUCGGUUA,1
GCUGGGAUUACAGGCAUGAGCC,1
AGUGAAUGAUGGGUUCUGACC,0
GAAAUCAAGCGUGGGUGAGACC,1
UGCCUGGAACAUAGUAGGGACU,0
CAUAAAGUAGAAAGCACUACU,1
AAUGGAUUUUUGGAGCAGG,0
UAAUGCAUUAAAUUAUUGAAGG,0
CAGGCACGGGAGCUCAGGUGAG,0
AAAUGUCACCUUUUUGAGAGGA,1
UACUCAGGAGAGUGGCAAUCAC,1
GUGAAAUGUUUAGGACCACUAG,1
AUACUGUGAAUUUCACUGUCACA,0
CACUGUUUCACCACUGGCUCUU,0
UUAUCAGAAUCUCCAGGGGUAC,1
GAGCUUGGAUGAGCUGGGCUGA,0
UUCACCCCUCUCACCUAAGCAG,1
UCUGCAAGUGUCAGAGGCGAGG,0
GCAGAUCAGGACUGUAACUCACC,0
UAGGUGGCAGAGGAGGGACUUCA,1
CUAGGCGCGACUGAGAGAGCA,1
UAGGCAGUGUCAUUAGCUGAUUG,1
GGCUUCUUUACAGUGCUGCCUUG,0
CGCUCUAGGCACCGCAGCA,1
ACAUACUUCUUUAUAUGCCCAU,0
UGAGGGGCAGAGAGCGAGACUUU,1
UGAUUGGUACGUCUGUGGGUAG,1
CCAAAACUGCAGUUACUUUUGC,1
GGGCCUCUCUUGUCAUCCUGCAG,0
AAAACGGUGAGAUUUUGUUUU,0
AUUGGACUGCUGAUGGCCCGU,1
AGGAGGGAGGAGAUGGGCCAAGUU,0
UGGGAGGGGAGAGGCAGCAAGCA,0
UAUGUCUGCUGACCAUCACCUU,1
AAUGGCGCCACUAGGGUUGUG,1
UAGGCAGUGUAUUGCUAGCGGCUGU,0
CUGAAUAGCUGGGACUACAGGU,0
CAUAGCCCGGUCGCUGGUACAUGA,0
ACCUUGCCUUGCUGCCCGGGCC,0
UUUUUCAUUAUUGCUCCUGACC,1
UGGCGGCGGUAGUUAUGGGCUU,1
GCUUCUGUAGUGUAGUC,0
UUUGGCACUAGCACAUUUUUGCU,1
AUUGAAACCUCUAAGAGUGGA,1
UGAGGAUAUGGCAGGGAAGGGGA,0
UUGUGAAGAAAGAAAUUCUUA,1
AUAUUACCAUUAGCUCAUCUUU,1
UGAGGGAGUAGGAUGUAUGGUU,0
GGACCCACCCGGCCGGGAAUA,1
UUCGGUAUACUUUGUGAAUUGG,0
UUUCCAUAGGUGAUGAGUCAC,0
UUAAUUUUUUGUUUCGGUCACU,0
CUCCAGAGGGAAGUACUUUCU,1
AGGGCCCCCCCUCAAUCCUGU,1
AAUCAUACAGGGACAUCCAGUU,1
CGUGUAUUUGACAAGCUGAGUU,1
UGCCCUCCUUUCUUCCCUC,1
UGCACAUGGCAACCUAGCUCCCA,0
ACUCCAUUUGUUUUGAUGAUGGA,1
CUAUACAGUCUACUGUCUUUCC,1
UGCAACUUACCUGAGUCAUUGA,0
AGGCAUUGACUUCUCACUAGCU,1
UGGAAAAAACUGGUGUGUGCUU,0
UCUGAAUAGAGUCUGAAGAGU,0
UACCCAGUCUCCGGUGCAGCC,0
CACAGCAAGUGUAGACAGGCA,1
UUUGGUCCCCUUCAACCAGCUG,1
UGGCAGUGUCUUAGCUGGUUGU,1
GUGACAUCACAUAUACGGCAGC,1
GUGACUGAUACCUUGGAGGCAU,0
GGCUACAACACAGGACCCGGGC,1
CACGCUCAUGCACACACCCACA,1
UCUUCAACCUCAGGACUUGCA,1
GUGGCUGCACUCACUUCCUUC,0
AGGGCUGGACUCAGCGGCGGAGCU,0
UGUCUACUACUGGAGACACUGG,1
ACACACUUACCCGUAGAGAUUCUA,1
CCCUUCCCUCACUCUUCUCUCAG,0
AGAGAUGCCGCCUUGCUCCUU,0
UCGUACCGUGAGUAAUAAUGCG,1
UAUUGCACUUGUCCCGGCCUGU,1
ACAGCACUGCCUGGUCAGA,1
UAAAAACUGCAAUUACUUUC,0
UGGCAGGGAGGCUGGGAGGGG,0
UCUGGCUAUCUCACGAGACUGU,0
AAAGUGCUUCCUUUUAGAGGGU,1
CCUGGGCAGCGUGUGGCUGAAGG,0
UGUGCAAAUCCAUGCAAAACUGA,1
UGCUUCCUUUCAGAGGGU,1
AUGGGUGAAUUUGUAGAAGGAU,0
UUAGGCCAUCAUCCCAUUAUGC,0
CCCCGCCACCGCCUUGG,1
AUUAAGGACAUUUGUGAUUGAU,0
CAGGGAACAGCUGGGUGAGCUGCU,1
CCUCACCACCCCUUCUGCCUGCA,1
UUGGGAUCAUUUUGCAUCCAUA,0
UGGGGACGUAGCUGGCCAGACAG,0
GGUUGGGCAGUGAGGAGGGUGUGA,0
AACCAUCGACCGUUGAGUGGAC,1
AGCUCGGUCUGAGGCCCCUCAGU,1
GGGGCCUGGCGGUGGGCGG,1
GGUUCCCUCUCCAAAUGUGUCU,0
GAGCUUAUUCAUAAAAGUGCAG,1
UCUGGGUGCAGUGGGGGUU,1
GCCUGCUGGGGUGGAACCUGGU,1
UGGGGAGCUGAGGCUCUGGGGGUG,1
GUUCUCCCAACGUAAGCCCAGC,1
UGACACGGAGGGUGGCUUGGGAA,0
UUUUGCGAUGUGUUCCUAAUAU,1
UUGAACUGUUAAGAACCACUGGA,1
CAAAAACUGCAAUUACUUUUGC,0
CAUCUUCCAGUACAGUGUUGGA,1
CCAGUCCUGUGCCUGCCGCCU,0
ACCGUGCAAAGGUAGCAUA,1
UGUUGGGAUUCAGCAGGACCAU,0
UUGCUCUGAGCUCCGAGAAAGC,0
CAGGGCAGAGGGCACAGGAAUCUGA,0
GCCCUGUGGACUCAGUUCUGGU,1
AAAUUAUUGUACAUCGGAUGAG,0
CAGGCAGAAGUGGGGCUGACAGG,0
UUAAUAUCGGACAACCAUUGU,1
CAGCAGCACACUGUGGUUUGU,1
UGAGGACAGGGCAAAUUCACGA,0
GUCCCUGAGUGUAUGUGGUG,0
AAAAACUGAGACUACUUUUGCA,1
ACCUGAAUUACCAAAAGCUUU,0
AUCGGGAAUGUCGUGUCCGCCC,1
UGGCCCAACCUAUUCAGUUAGU,0
CGGGGUUUUGAGGGCGAGAUGA,1
UGCGGGGCUAGGGCUAACAGCA,1
GAAGUUGUUCGUGGUGGAUUCG,1
CAGGAUGUGGUCAAGUGUUGUU,0
CGGGGCCGUAGCACUGUCUGAGA,0
AAUGUUGGAAUCCUCGCUAGAG,0
UGAUCAGGCAAAAUUGCAGACU,0
AGGCAGUGUAGUUAGCUGAUUGC,1
AAAAGUAACUGCGGUUUUUGA,0
UUCUCCAAAAGGGAGCACUUUC,1
CGCGGGCGCUCCUGGCCGCCGCC,0
CCUCUAGAUGGAAGCACUGUCU,1
UGUCUUACUCCCUCAGGCACAU,1
ACUCGGCUGCGGUGGACAAGU,0
AAAAGGCGGGAGAAGCCCCA,1
AGGUUGUCCGUGGUGAGUUCGCA,1
GGCUCCUUGGUCUAGGGGUA,1
ACUUGGGCAGGAGGGACCCUGUAUG,0
CACACACUGCAAUUACUUUUGC,0
UCCCUGAGACCCUUUAACCUGUGA,1
UUUCCCUUCAGAGCCUGGCUUU,0
CUCUGAUCGCCCUCUCAGCUC,0
CCUCUAAAGGGAAGCGCUUUCU,1
UGCCCCAACAAGGAAGGACAAG,0
UCCUGUCUUUCCUUGUUGGAGC,0
CUCAUUGCAUGGGCUGUGUAUA,1
AAUGAGAGACCUGUACUGUAU,0
UAGUGAGUUAGAGAUGCAGAGCC,0
CAACCUCGAGGAUCUCCCCAGC,0
UGUGAUAUCAUGGUUCCUGGGA,0
CUCCUAUAUGAUGCCUUUCUUC,1
CUGGGAGAGGGUUGUUUACUCC,1
UCUGAGUUCCUGGAGCCUGGUCU,0
UGAAGGUCUACUGUGUGCCAGG,1
CAACACCAGUCGAUGGGCUGU,1
AUCAAGGAUCUUAAACUUUGCC,0
CCAGGCUCUGCAGUGGGAACU,0
UAAAGUAAAUAUGCACCAAAA,0
AGGCAGCGGGGUGUAGUGGAUA,1
CGAGCCUCAAGCAAGGGACUU,0
ACCGAAGACUGUGCGCUAAUCU,0
AGGCUGUGAUGCUCUCCUGAGCCC,1
AUAGUGGGAAGCUGGCAGAUUC,0
UGACCUGGGACUCGGACAGCUG,1
CGAGGGGUAGAAGAGCACAGGGG,0
ACUUAAACGUGGAUGUACUUGCU,1
AGGCAGGGGCUGGUGCUGGGCGGG,1
ACCUCCUGUGUGCAUGGAUUA,1
AAUCAGUGAAUGCCUUGAACCU,0
AAAGACCGUGACUACUUUUGCA,0
UCACACCUGCCUCGCCCCCC,0
AAGUUCUGUUAUACACUCAGGC,1
GGCCACUGAGUCAGCACCA,0
AGAAGAUUGCAGAGUAAGUUCC,0
UGCCGCCCUCUCGCUGCUCUAG,0
AGUUUUGCAUAGUUGCACUACA,0
CUGCAGGCAGAAGUGGGGCUGACA,1
UCAGGCAAAGGGAUAUUUACAGA,0
AGAGUUAACUCAAAAUGGACUA,0
UCAUUAUAUGUAUGAUCUGGAC,0
UGAUUGUCCAAACGCAAUUCU,1
UAUACAAGGGCAGACUCUCUCU,1
ACACAGUGCUUCAUCCACUACU,0
UACUCAAAAAGCUGUCAGUCA,1
GGGGGCCGAUACACUGUACGAGA,0
AACUCUGUCUUCACUCAUGAGU,0
CCUCAAAUGUGGAGCACUAUUCU,1
GAGCAAUGUAGGUAGACUGUUU,0
UAGAUAAAAUAUUGGUACCUG,1
ACUGUUGCUAAUAUGCAACUCU,1
CCCUGGGCCUCUGCUCCCCAG,0
UGAGGUAGUAAGUUGUAUUGUU,1
UCACUCCUCUCCUCCCGUCUU,1
UGUUCCUCUGUCUCCCAGAC,0
AGCAGUGUUUGUUUUGCCCACA,0
AGCCGCGGGGAUCGCCGAGGG,0
GAGGGCGGGUGGAGGAGGA,0
CUUUCAGUCGGAUGUUUGCAGC,1
UCCUGCGUAGGAUCUGAGGAGU,0
UCAGUGCAUGACAGAACUUGG,1
CUGGGGGUGGGGGGCUGGGCGU,1
AGAGGUAGGUGUGGAAGAA,1
AGGCACCAGCCAGGCAUUGCUCAGC,0
AUAUUAUUAGCCACUUCUGGAU,0
GCGGGGCUGGGCGCGCG,1
AUUGUCCUUGCUGUUUGGAGAU,1
UGGAGUUAAGGGUUGCUUGGAGA,0
AACUCACGAAGUAUACCGAAGU,0
AGCUUCCAUGACUCCUGAUGGA,0
CUUCCAGACGCUCCGCCCCACGUCG,0
UAACCUGAUCAGCCCCGGAGUU,1
AUCACAUUGCCAGGGAUUUCC,1
UAGCCUUCAGAUCUUGGUGUUUU,0
GGAUUCCUGGAAAUACUGUUCU,1
AAAGAUGGACAAUUGGCUAAAU,0
AACAUUCAUUGCUGUCGGUGGGU,1
UUGUUCUUUGGUCUUUCAGCCA,0
UAGGUAGUUUCAUGUUGUUGGG,1
AGAUCAGAAGGUGAUUGUGGCU,1
AUCUGGAGGUAAGAAGCACUUU,1
CCAGUGACUGAGCUGGAGCCA,1
GCAGUUCUGAGCACAGUACAC,0
CUCCUGACUCCAGGUCCUGUGU,1
CGUCUUACCCAGCAGUGUUUGG,0
UGAGUGUUGUCUACGAGGGCA,0
AACGCACUUCCCUUUAGAGUGU,1
UCAAAACUGAGGGGCAUUUUCU,0
UGAUGAUACAGGUGGAGGUAG,1
AGAAGUAACUACGGUUUUUGCA,0
GAAUGUUGCUCGGUGAACCCCU,1
AACAUUCAACCUGUCGGUGAGU,1
AGGACCUUCCCUGAACCAAGGA,0
UGUAAACAUCCUACACUCAGCU,1
UUGGGAUGGUAGGACCAGAGGGG,0
CAAAAACUGCAGUUACUUUUGU,0
ACUGGGGGCUUUCGGGCUCUGCGU,1
GGGGGGGCAGGAGGGGCUCAGGG,1
UGGCUUUUAACUUUGAUGGC,0
GAAAGCGCUUCUCUUUAGAGG,1
AUCUAAAUGCAGCAUGCCAGUC,1
UCAGGACACUUCUGAACUUGGA,0
AAUGGCUGUCCGUAGUAUGGUC,1
CCUAUUCUUGAUUACUUGUUUC,1
UGUGACUGGUUGACCAGAGGGG,1
UUUAGAGACGGGGUCUUGCUCU,0
UCAGGCAGUGUGGGUAUCAGAU,0
UAUAGAGAGCAGGAAGAUUAAUGU,1
CUCGGGCGGAGGUGGUUGAGUG,0
UAUGUAAUAUGGUCCACAUCUU,1
UGAGUGUGUGUGUGUGAGUGUGU,1
UGAUUGUAGCCUUUUGGAGUAGA,1
UGCCUUCCUGUCUGUG,0
CCCUCUCUGUCCCACCCAUAG,1
GAGGGUUGGGUGGAGGCUCUCC,1
GCAGCCCAGCUGAGGCCUCUG,0
UCAGGUGUGGAAACUGAGGCAG,0
UAAUUGCUUCCAUGUUU,0
AGAAAGGGUGGCAAUACCUCUU,0
CGUCCCACCCCCCACUCCUGU,1
UUCCCUUUGUCAUCCUAUGCCU,1
UUGGGACAUACUUAUGCUAAA,0
AGGGAAGGAGGCUUGGUCUUAG,0
AGACAGUAGUUCUUGCCUGGUU,0
UCUACAGUGCACGUGUCUCCAGU,1
CAGUUAUCACAGUGCUGAUGCU,1
UGUGACUUUAAGGGAAAUGGCG,0
UUCGCGGGCGAAGGCAAAGUC,0
CCUCUACAGGGAAGCGCUUUC,1
GGGAGGUGUGAUCUCACACUCG,0
AACUGUUUGCAGAGGAAACUGA,1
AAAGUGCUUCCUUUUAGAGGG,1
AUGACCUAUGAAUUGACAGAC,1
GGCUUGCAUGGGGGACUGG,0
UAAAGAGCCCUGUGGAGACA,0
UUAGUGAAGGCUAUUUUAAUU,0
AGGCCUCUGUGACGUCACGGUGU,0
CUCUAGAGGGAAGCACUUUCUC,1
CGCGCCGGGCCCGGGUU,1
AAUGCACCCGGGCAAGGAUUCU,1
GGCAGGAGGGCUGUGCCAGGUUG,0
AUAGCAGCAUGAACCUGUCUCA,0
UGACAGCCCGCUACACCUCU,1
AGCUACAUCUGGCUACUGGGU,1
CGGGGAGAGAACGCAGUGACGU,0
AGGGACUUUCAGGGGCAGCUGU,0
UGAGGGACAGAUGCCAGAAGCA,0
CAAAAACUGCAGUUACUUUUGC,1
UCUGGCAAGUAAAAAACUCUCAU,0
CAACAAAUCCCAGUCUACCUAA,0
AUACCUCAUCUAGAAUGCUGUA,0
AGAGCUUAGCUGAUUGGUGAAC,1
AGACCCUGCAGCCUUCCCACC,0
ACCGUGGCUUUCGAUUGUUACU,1
ACAGUCUGCUGAGGUUGGAGC,1
UGAGGGGUUUGGAAUGGGAUGG,0
UACUGCAGACGUGGCAAUCAUG,0
UGAGUACCGCCAUGUCUGUUGGG,1
CAGUGCAAUGUUAAAAGGGCAU,1
UACUUGGAAAGGCAUCAGUUG,0
UGGGCGUAUCUGUAUGCUA,1
UGUCUCUGCUGGGGUUUCU,1
UACUGCAUCAGGAACUGAUUGGA,1
AAGGCCUUUCUGAACCUUCAGA,0
CGCAGACAAUGCCUACUGGCCUA,0
ACCCUUGAGCCUGAUCCCUAGC,0
UAAGUGCUUCCAUGUUUGAGUGU,1
CAGCCCUCCUCCCGCACCCAAA,0
UCAAGGCCAGAGGUCCCACAGCA,0
UGCUAUGCCAACAUAUUGCCAU,1
UGGUCGACCAGUUGGAAAGUAAU,1
UGUAAACAUCCUACACUCUCAGC,1
GCUGAACUGGGCUGAGCUGGGC,0
AUUGGGGACAUUUUGCAUUCAU,0
UUGUGCUUGAUCUAACCAUGU,1
ACUUGUAUGCUAGCUCAGGUAG,1
UGCUGGAUCAGUGGUUCGAGUC,1
UUAUUGUCACGUUCUGAUU,1
GUGGGGCCAGGCGGUGG,0
GAAAACGACAAUGACUUUUGCA,0
UCUGUAGCCUGGGAGCAAUGGGGU,0
CUCCCACUUCCAGAUCUUUCU,0
UCUUCUCUGUUUUGGCCAUGUG,1
UAGCAGCACGUAAAUAUUGGCG,1
CGGGGGCGGGGCCGAAGCGCG,0
GUAGCACCUUGCAGGAUAAGGU,0
UGGGGAUUUGGAGAAGUGGUGA,0
UGUUCUCUUUGCCAAGGACAG,0
GGCGGAGGGAAGUAGGUCCGUUGGU,0
CUGAAGCUCAGAGGGCUCUGAU,1
UGUUGUACUUUUUUUUUUGUUC,1
UCAAUAAAUGUCUGUUGAAUU,1
AUGGCCAGAGCUCACACAGAGG,0
UCAGGGAGUCAGGGGAGGGC,0
CUCAUUUAAGUAGUCUGAUGCC,0
UACGCGCAGACCACAGGAUGUC,1
AUCCGCGCUCUGACUCUCUGCC,0
GGAUGGUUGGGGGCGGUCGGCGU,1
AUUUGUGCUUGGCUCUGUCAC,1
AGGAAGCCCUGGAGGGGCUGGAG,1
CAGGCCAUAUUGUGCUGCCUCA,1
UCUAGGCUGGUACUGCUGA,0
UUCAGCCAGGCUAGUGCAGUCU,0
AAAAGCUGGGUUGAGAGGA,1
UAGGGGCAGCAGAGGACCUGGG,0
AGGUUGUCUGUGAUGAGUUCG,1
AAGGAACCAGAAAAUGAGAAGU,0
CCUGUUGAAGUGUAAUCCCCA,1
UAUGGGGCUUCUGUAGAGAUUUC,0
AGGGAAAAAAAAAAGGAUUUGUC,1
CGAAAACAGCAAUUACCUUUGC,1
CAUCAUAGUCCAGUGUCCAGGG,1
AGACCCUGGUCUGCACUCUAUC,1
CCUCCCAUGCCAAGAACUCCC,0
CAUCAGAAUUCAUGGAGGCUAG,1
UAUGUAACACGGUCCACUAACC,1
UGUAACAGCAACUCCAUGUGGA,1
AAGUGCCUCCUUUUAGAGUGUU,1
CAAAGGUAUUUGUGGUUUUUG,0
GACUGACACCUCUUUGGGUGAA,1
ACCAGCGCGUUUUCAGUUUCAU,0
CCAACCUAGGUGGUCAGAGUUG,0
GAGGCUGAUGUGAGUAGACCACU,0
CCACCUCCCCUGCAAACGUCCA,1
UGGGCUAAGGGAGAUGAUUGGGUA,0
UGAGAACCACGUCUGCUCUGAG,1
GCGGAAGGCGGAGCGGCGGA,1
UAGCCCCCAGGCUUCACUUGGCG,0
CCAGCCACGGACUGAGAGUGCAU,0
UCUGGGAGGUUGUAGCAGUGGAA,0
UAGCAGCACAGAAAUAUUGGC,1
AGUGCCUGAGGGAGUAAGAG,0
UGCUUAAGUUGUACCAAGUAU,0
CACCCGUAGAACCGACCUUGCG,1
UGAGUCAGCAACAUAUCCCAUG,0
AGCGAGGUUGCCCUUUGUAUAU,1
GGGGGAAGAAAAGGUGGGG,0
UCAGAUGAUCUAAAGGCCUAUA,0
GGGCUGGGGCGCGGGGAGGU,1
AUAUGGGUUUACUAGUUGGU,0
AAAGUCUCGCUCUCUGCCCCUCA,0
AGAUUGUUUCUUUUGCCGUGCA,0
AAAGGAUUCUGCUGUCGGUCCCACU,1
UCUUGGAGUAGGUCAUUGGGUGG,1
AGGGCUUAGCUGCUUGUGAGCA,1
ACGUUUGAAUGCUGUACAAGGC,0
CAAUGGCACAAACUCAUUCUUGA,0
UUUGAGGCUACAGUGAGAUGUG,0
UGAUUGUCUUCAUAUCUAGAAC,0
AGCCAAGUGGAAGUUACUUUA,0
UGAUCCCAUGUUGCUGGCGC,1
GUGGAGUCCUGGGGAAUGGAGA,0
CACCCGGCUGUGUGCACAUGUGC,1
AGUUAGGAUUAGGUCGUGGAA,0
CUAAUAGUAUCUACCACAAUAAA,0
UAGGAUUACAAGUGUCGGCCAC,0
UGAGAGUGGAAUUCACAGUAUUU,0
AAAGUGCAUCUUUUUAGAGGAU,1
AUAUGUAUAUGUGACUGCUACU,0
UUAGCUUAAGGAGUACCAGAUC,0
AUCCCUUGCAGGGGCUGUUGGGU,1
CUUGGUUCAGGGAGGGUCCCCA,0
CAACAACAUUAAACCACCCGA,0
AAAAGUGCUUACAGUGCAGGUAG,1
UCACCUGAGCUCCCGUGCCUG,0
AGGUGGUCCGUGGCGCGUUCGC,1
UCGGAUCCGUCUGAGCUUGGCU,1
UCCCACGUUGUGGCCCAGCAG,1
AUAUACAGGGGGAGACUCUUAU,1
ACUCGGCGUGGCGUCGGUCGUG,1
AAUCCUUGGAACCUAGGUGUGAGU,1
AAUCCACGCUGAGCUUGGCAUC,0
GUGCGGAACGCUGGCCGGGGCG,1
UCGAGGAGCUCACAGUCUAGU,1
UGCUGGCUCAUUUCAUAUGUGU,0
UUGGCCAUGGGGCUGCGCGG,0
AGCCUUCCAGGAGAAAUGGAGA,0
ACUGCAUUAUGAGCACUUAAAG,1
UAGCAGCACAUAAUGGUUUGUG,1
GCCCAAAGGUGAAUUUUUUGGG,1
ACCCAGGUUCCCUCUGGCCGCA,0
UGCUGGGGGCCACAUGAGUGUG,0
GUCCAGUUUUCCCAGGAAUCCCU,1
CACAUAUGAAGUGAGCCAGCAC,0
GAGUGCCUUCUUUUGGAGCGUU,1
GCCCGCGUGUGGAGCCAGGUGU,0
GCUCUUUUCACAUUGUGCUACU,0
UAGGGGUGGGGGAAUUCAGGGGUGU,0
AAUCACUAACCACACGGCCAGG,1
AGUUCUUCAGUGGCAAGCUUUA,1
UAAAGAACUCUUAAAACCCAAU,0
UUCAGAUCCCAGCGGUGCCUCU,1
AGCUACAGUUACUUUUGCACCA,0
GCCCCGGCGCGGGCGGGUUCUGG,1
AUUGACACUUCUGUGAGUAGA,1
UACAGUACUGUGAUAACUGAA,1
AAAAACUGUAAUUACUUUU,0
UAUGGAGUGGACUUUCAGCUGGC,0
AAAGACAUAGGAUAGAGUCACCUC,1
UCUGGCCAGCUACGUCCCCA,0
ACUGGACUUGGAGUCAGGA,1
CCUGGAAACACUGAGGUUGUG,0
UUGAGAAUGAUGAAUCAUUAGG,0
GUGUUGAAACAAUCUCUACUG,0
UCCUUUGCCUAUUCUAUUUAAG,0
AGAGCUGAGACUAGAAAGCCCA,0
UCCUGUACUGAGCUGCCCCGAG,1
ACAGGAGUGGGGGUGGGACAU,1
CCCACUGCCCCAGGUGCUGCUGG,1
UGAGGAUGGAUAGCAAGGAAGCC,1
CAAAAAUCUCAAUUACUUUUGC,0
GAAGAACUGUUGCAUUUGCCCU,0
UACGUAGAUAUAUAUGUAUUUU,1
CUCAUCUGCAAAGAAGUAAGUG,1
AUAAGACGAACAAAAGGUUUGU,1
UCGUGCAUAUAUCUACCACAU,0
GCAGGGACAGCAAAGGGGUGC,0
CCAAUAUUGGCUGUGCUGCUCC,1
CAAAACCGCGAUUACUCUUGCA,0
UGUGUUAGAAUAGGGGCAAUAA,0
UGAUGGAUAAAAGACUACAUAUU,0
AAAGUGCAUCCUUUUAGAGUGU,1
CAGGGAAAUGGGAAGAACUAGA,0
UAAAGUGGCAGAGUAUAGACAC,0
AGCUGUAAUUAGUCAGUUUUCU,1
CUCAGUAGCCAGUGUAGAUCCU,1
GCCCUCCGCCCGUGCACCCCG,0
GCUGGGAAGGCAAAGGGACGU,1
CUCUAGCCACAGAUGCAGUGAU,1
UAGUGGAUGAUGCACUCUGUGC,0
UGGGUUCCUGGCAUGCUGAUUU,1
UGGGAACGGGUUCCGGCAGACGCUG,1
UGUUUUGAUAACAGUAAUGU,0
AAACUACUGAAAAUCAAAGAU,0
UUCUGGAUAACAUGCUGAAGCU,1
CACUCAGCCUUGAGGGCACUUUC,1
CAAUCAGCAAGUAUACUGCCCU,1
AAAAUGAAAUGAGCCCAGCCCA,1
CCCCAGGGCGACGCGGCGGG,1
UCCUGUGGUGUUUGGUGUGGUU,1
UUUGGGACUGAUCUUGAUGUCU,0
UCAGUGCACUACAGAACUUUGU,1
CGGAUGAGCAAAGAAAGUGGUU,0
UGCCUAGGCUGAGACUGCAGUG,0
ACAUCCUGCUCCACAGGGCAGAGG,0
UUCCCUUUGUCAUCCUUCGCCU,1
UAAGUGCUUCCAUGCUU,0
AAGGGCUUCCUCUCUGCAGGAC,1
CUGGGAGAAGGCUGUUUACUCU,1
UUGGGGAAACGGCCGCUGAGUG,1
CAAAGACUGCAAUUACUUUUGCG,0
UUAGUGCAUAGUCUUUGGUCU,0
UAAAUUUCACCUUUCUGAGAAGG,1
UAGCAGCACAUCAUGGUUUACA,1
GCUGGUCUGCGUGGUGCUCGG,0
AUGUAUAAAUGUAUACACAC,0
CAAAGAGGAAGGUCCCAUUAC,1
AUGUGGGCUCAGGCUCA,0
UUGCAGCUGCCUGGGAGUGACUUC,1
AACCCCUAAGGCAACUGGAUGG,0
AUGUAGGGCUAAAAGCCAUGGG,1
AGGACCUGCGGGACAAGAUUCUU,1
UUACACACAACUGAGGAUCAUA,0
UGGGCGAGGGCGGCUGAGCGGC,1
CACAUGGCCGAAACAGAGAAGU,1
CAUCCCUUGCAUGGUGGAGGG,1
UGGGCUCAGGGUACAAAGGUU,0
UGCCCUGCCUGUUUUCUCCUUU,0
UGGCUGUUGGAGGGGGCAGGC,0
AACUGGAUCAAUUAUAGGAGUG,0
AUCAGGGCUUGUGGAAUGGGAAG,0
ACCUGAGGUUGUGCAUUUCUAA,0
UAGCAAGAGAACCAUUACCAUU,0
UUCAAGUAAUUCAGGUG,0
CAAAGUGAUGAGUAAUACUGGCUG,0
ACUUUAACAUGGAGGCACUUGC,0
CUUUCAGUCAGAUGUUUGCUGC,1
UCAGUGCAUCACAGAACUUUGU,1
CCUCUUCCCCUUGUCUCUCCAG,0
UUUGUAUGGAUAUGUGUGUGUAU,0
UAUGGAGGUUCUAGACCAUGUU,0
AAGCAGCUGCCUCUGAGGC,0
UCAGGCCAGGCACAGUGGCUCA,0
AGGGGGCGGGCUCCGGCG,1
AGGUUGGGAUCGGUUGCAAUGCU,1
GGGACCAUCCUGCCUGCUGUGG,0
CUGUACAGCCUCCUAGCUUUCC,1
AGAGGACCCGUAGCUGCUAGAAGG,0
CAAAACUGGCAAUUACUUUUGC,1
AUUGGGAACAUUUUGCAUGUAU,0
CUACAAAGGGAAGCCCUUUC,1
UUGAAGAGGAGGUGCUCUGUAGC,0
AAAAGUAAUUGUGGUUUUUGCC,1
CUUUCAGUCGGAUGUUUACAGC,1
AGGUAUUGCCACCCUUUCUAGU,0
UUGCAUAUGUAGGAUGUCCCAU,1
GUUUGCACGGGUGGGCCUUGUCU,1
AGGGAUCGCGGGCGGGUGGCGGCCU,0
AGGGGUGGUGUUGGGACAGCUCCGU,1
UCAAUCACUUGGUAAUUGCUGU,0
AGAGGUAGUAGGUUGCAUAGUU,1
AAUCCCAAUGCUAGACCCGGUG,0
AAAGGUCAUUGUAAGGUUAAUGC,0
AGAAGUAAUUGCGGUUUUGCCA,0
GAACGCCUGUUCUUGCCAGGUGG,0
CGCAUCCCCUAGGGCAUUGGUG,1
UUUUCAACUCUAAUGGGAGAGA,1
AGGGGGCGCAGUCACUGACGUG,0
GUGAGGCGGGGCCAGGAGGGUGUGU,0
UUGCUCACUGUUCUUCCCUAG,0
AGAGUCGGCGACGCCGCCAGC,1
AGAGGCUUUGUGCGGAUACGGGG,0
UCCAUGUUUCCUUCCCCCUUCU,0
AUUCUGCAUUUUUAGCAAGUUC,1
UGAGGCCCUUGGGGCACAGUGG,0
AUCGCUGCGGUUGCGAGCGCUGU,0
AAAGAUAGACAAUUGGCUAAAU,0
AAAAGCUGGGCUGAGAGGCG,1
CAAAGCGCUCCCCUUUAGAGGU,1
UACUCUGGAGAGUGACAAUCAUG,0
CACCCCCUGUUUCCUGGCCCAC,0
UUGGAAUAGGGGAUAUCUCAGC,0
UUGCAUAGUCACAAAAGUGAUC,1
CCUAGUAGGUGUCCAGUAAGUGU,1
UCUAUACAGACCCUGGCUUUUC,0
CUGGGAUCUCCGGGGUCUUGGUU,1
AACUCGUGUUCAAAGCCUUUAG,0
ACUGGACUUGGAGGCAGAA,0
UGGUCUGCAAAGAGAUGACUGU,0
AUGGCCAAAACUGCAGUUAUUUU,0
CAAAGCGCUUCUCUUUAGAGUGU,1
ACAAAGUGCUUCCCUUUAGAGU,1
CGUGGAUAUUCCUUCUAUGUUU,1
UUCAAGUAAUCCAGGAUAGGCU,1
AAAUAUGAUGAAACUCACAGCUGAG,1
ACAGAUUCGAUUCUAGGGGAAU,1
GAUGAUGAUGGCAGCAAAUUCUGAAA,0
UUACGGACCAGCUAAGGGAGGC,0
AGCAGCAUUGUACAGGGCUAUGA,1
ACUGGGGAGCAGAAGGAGAACC,0
UAAGUGCUUCCAUGUUUUAGUAG,1
UCUUUGGUUAUCUAGCUGUAUGA,1
UCCCUACCCCUCCACUCCCCA,1
AUCUGUAAGAGAAAGUAAAUGA,1
AAUGUGGACUGGUGUGACCAAA,0
CCUGCAGCGACUUGAUGGCUUCC,1
AAGGGGCUGGGGGAGCACA,1
AUAGGCACCAAAAAGCAACAA,1
UGGUGGGCCGCAGAACAUGUGC,1
AAGGUAUUGUUCAGACUUAUGA,0
UCUGCCCCCUCCGCUGCUGCCA,0
CAAGGCCAAAGGAAGAGAACAG,0
UUGGAGGGUGUGGAAGACAUC,1
UCAAAAUGUAGAGGAAGACCCCA,0
AAUUUACUCUGCAAUCUUCUCC,0
ACUGGACUUAGGGUCAGAAGGC,0
CCCCACCUCCUCUCUCCUCAG,1
GCAGGACAGGCAGAAGUGGAU,0
ACUCAAAAGAUGGCGGCACUUU,0
UGAGAACUGAAUUCCAUAGGCUG,1
AGACAUCAAGAUCAGUCCCAAA,0
UGGAAGGGAGAAGAGCUUUAAU,1
UAAUACUGUCUGGUAAAACCGU,0
AAAAGUAAUCACUGUUUUUGCC,0
UUAGGGAGUAGAAGGGUGGGGAG,1
UGUGUCCCAUUAUUGGUGAUU,0
UAACUGGUUGAACAACUGAACC,1
AAAGCACCUCCAGAGCUUGAAGC,1
UUCAUUUGCCUCCCAGCCUACA,0
GCACCCAGGCAAGGAUUCUG,0
CCGGGGCAGAUUGGUGUAGGGUG,0
CAGAGUGACAAGCUGGUUAAAG,0
CAAAAACCGGCAAUUACUUUUG,1
GUACCUUCUGGUUCAGCUAGU,0
UAUGGCUUUUUAUUCCUAUGUGA,1
CAACGGAAUCCCAAAAGCAGCUG,1
AAGCCCUUACCCCAAAAAGCAU,1
UAACCCUGUCCUCUCCCUCCCAG,0
UAUUGCACAUUACUAAGUUGCA,1
AAGCAUUCUUUCAUUGGUUGG,0
AAGUGCCCCCACAGUUUGAGUGC,0
AGUGCCUGAGGGAGUAAGAGCCC,1
UACCCUGUAGAUCCGAAUUUGUG,1
UCUCCCAACCCUUGUACCAGUG,1
UCUGGCUGUUGUGGUGUGCAA,1
UGGAUUUUUGGAUCAGGGA,0
CCUCCAAAGGGAAGCGCUUUCUGUU,1
CUGUACAACCUUCUAGCUUUCC,1
GAAGUUGCCCAUGUUAUUUUCG,1
GUAUACACCUGAUAUGUGUAUG,0
UUCUCAAGGAGGUGUCGUUUAU,1
UUGCCACACUGCAACACCUUACA,0
UAUCAUGGAGUUGGUAAAGCAC,0
ACCCCACUCCUGGUACC,1
UCACCCUGCAUCCCGCACCCAG,0
UCAGUUCCAGGCCAACCAGGCU,1
UCGCCUCCUCCUCUCCC,0
UGGACGGAGAACUGAUAAGGGU,1
AAUCCUUGCUACCUGGGU,0
GAAAGUGCUUCCUUUUAGAGGC,1
GGAUCCGAGUCACGGCACCA,1
GCGACCCAUACUUGGUUUCAG,1
UUCUGGAAUUCUGUGUGAGGGA,0
UGAGGUAGUAGGUUGUAUGGUU,1
CUCGGCGCGGGGCGCGGGCUCC,1
AAAAGUAUUUGCGGGUUUUGUC,0
AGCUUUUGGGAAUUCAGGUAGU,0
UGACAACUAUGGAUGAGCUCU,1
GCGGCGAGUCCGACUCAU,1
UUCAAGUAAUUCAGGAUAGGU,1
GCUGGGCAGGGCUUCUGAGCUCCUU,1
CUGACUGUUGCCGUCCUCCAG,1
UUUGUGACCUGGUCCACUAACC,1
UGAGGUAGUAGUUUGUACAGUU,1
CUCCUACAUAUUAGCAUUAACA,0
UCCAGUGCCCUCCUCUCC,0
UCCCCCAGGUGUGAUUCUGAUUU,1
GUUCUGUUAACCCAUCCCCUCA,0
AACCCGUAGAUCCGAUCUUGUG,1
GUGAGUGUGGAUCCUGGAGGAAU,0
CUCACUGAACAAUGAAUGCAA,1
UGCUCAGGUUGCACAGCUGGGA,0
UGUCUACAUUAAUGAAAAGAGC,0
CAGGAUCCACAGAGCUAGUCCA,0
AAGCCCUUACCCCAAAAAGUAU,1
AAACUAAUAUACCCAUAUUCUG,0
CUCCGUUUGCCUGUUUCGCUG,1
UUAGGGCCCUGGCUCCAUCUCC,1
CCUCCUGCCCUCCUUGCUGU,1
CAACAAAUCACAGUCUGCCAUA,1
CAUCAGUUCCUAAUGCAUUGCC,1
UAGUCCCUUCCUUGAAGCGGUC,0
GCCCGAGAGGAUCCGUCCCUGC,0
AGGAGGGAAGGGGCUGAGAACAGGA,0
UUCACAGUGGCUAAGUUCUGC,1
GUGCAUUGUAGUUGCAUUGCA,1
UGAGGUAGGAGGUUGUAUAGUU,1
GCCCUCUGUCACCUUGCAGACG,0
CUUGGGAGCCCUGUUAGACUC,0
UCUUGUGUUCUCUAGAUCAGU,0
AAUGUGUAGCAAAAGACAGA,1
UGCAAAAGUAAUCACAGUUUUU,0
UAUGUGGGAUGGUAAACCGCUU,1
UGAGCACCACACAGGCCGGGCGC,0
CAUGCUAGGAUAGAAAGAAUGG,0
UCGGGGCAUGGGGGAGGGAGGCUGG,1
CAAAAGCAAUCGCGGUUUUUGC,1
CAGUGCAAUAGUAUUGUCAAAGC,1
AAGGGAGGAGGAGCGGAGGGGCCCU,1
AAUCGGACCCAUUUAAACCGGAG,0
AACGGGAAUGCAGGCUGUAUCU,0
AAGUGUGCAGGGCACUGGU,1
UAAUUUUAUGUAUAAGCUAGU,1
CGGCCCCACGCACCAGGGUAAGA,1
UGGAAUGUAAAGAAGUAUGUAU,1
GUUUAACCUUUUGCCUGUUGG,0
AGCGGGGAGGAAGUGGGCGCUGCUU,1
AUGGUACCCUGGCAUACUGAGU,1
AUCAACAGACAUUAAUUGGGCGC,1
AAUGUAGAGAUUGAUCAAAAU,0
AGGAAUGUUCCUUCUUUGCC,0
UCUCUGAGCAAGGCUUAACACC,0
UGAGACCAGGACUGGAUGCACC,0
CAAGCUUGUAUCUAUAGGUAUG,0
UGGAAUGUAAGGAAGUGUGUGG,1
AAGGUUUGGAUAGAUGCAAUA,0
CAACCCUAGGAGAGGGUGCCAUUCA,1
AGCCCCUGCCCACCGCACACUG,1
UGAGGUAGUAGUUUGUGCUGUU,1
AUUAGGUAGUGGCAGUGGAAC,1
GUGCCAGCUGCAGUGGGGGAG,0
CAUUAUUACUUUUGGUACGCG,1
UUGGACUUUUUCAGAUUUGGGGAU,0
UAACAGUCUACAGCCAUGGUCG,1
CCUCUGAAAUUCAGUUCUUCAG,1
CUGGGAGGUGUGAUAUCGUGGU,0
ACUUUCCUCACUCCCGUGAAGU,0
UGACAGCGCCCUGCCUGGCUC,0
GGGAGUGCAGGGCAGGGUUUC,1
AGCUCAUCCAUAGUUGUCACUG,1
UCCCUGUCCUCCAGGAGCUCACG,1
UCCUCAUCACACUGCACCUUAG,0
ACUCAAAAUGGGGGCGCUUUCC,1
AAAGAUCUGGAAGUGGGAGACA,0
AGGCAGUGUAUUGUUAGCUGGC,1
UACGGUGAGCCUGUCAUUAUUC,1
UCAGCAAACAUUUAUUGUGUGC,1
AACACACCUAUUCAAGGAUUCA,1
AACUGAACCAGGAGUGAGCUUCG,0
UCUUCUUCCUUUGCAGAGUUGA,0
GGGGCUGGGGCCGGGGCCGAGC,1
UCACAGUGGUCUCUGGGAUUAU,1
UACCCUGUAGAACCGAAUUUGUG,1
UGUAAACAUCCUCGACUGGAAG,1
CCCAGUGUUUAGACUAUCUGUUC,1
UCUGGUAUGUAGUAGGUAAUAA,0
AACCAGCACCCCAACUUUGGAC,1
AACUAGUAAUGUUGGAUUAGGG,0
CACUAGAUUGUGAGCUCCUGGA,1
CCCUGUUCUAUGCCCUGAGGGA,1
AAAGACAUAGUUGCAAGAUGGG,0
UGAGCUAAAUGUGUGCUGGGA,1
UGGGUUUACGUUGGGAGAACU,1
UGUUUCGGGGCUCAUGGCCUGUG,0
GGGAUAUGAAGAAAAAU,1
AGGAUUUCAGAAAUACUGGUGU,0
UCUCUGAGUACCAUAUGCCUUGU,1
UUAUAAUACAACCUGAUAAGUG,1
CUCGGGGCAGGCGGCUGGGAGCG,1
UCGAGGAGCUCACAGUCU,1
UUUUGCAUGACCCUGGGAGUAGG,0
ACAGGUGAGGUUCUUGGGAGCC,1
UCAGCAGGCAGGCUGGUGCAGC,1
AGGGGACUGGUUAAUAGAACUA,0
AGCAGCAUUGUACAGGGCUAUCA,1
AGAAGAAGGCGGUCGGUCUGCGG,0
AAACCGUUACCAUUACUGAGUU,0
AAAAGUAAUUGCGGUCUUUGGU,0
UCGUUUGCCUUUUUCUGCUU,0
GUUCCUGCUGAACUGAGCCAG,1
UGAAGUACCAGCUACUCGAGAG,0
AUCAUAGAGGAAAAUCCACGU,1
AGGCGGAGACUUGGGCAAUUG,1
GUUGGGACAAGAGGACGGUCUU,0
AAAGUAGCUGUACCAUUUGC,0
AUCCUAGUCACGGCACCA,1
CACCAGGCAUUGUGGUCUCC,1
UAUGGCUUUUCAUUCCUAUGUGA,1
GCUGCGGGCUGCGGUCAGGGCG,0
UUAGGCCGCAGAUCUGGGUGA,0
CUUAUCAGAUUGUAUUGUAAUU,1
AAUAUAACACAGAUGGCCUGU,1
ACAUUUUCCAGCCCAUUCA,0
ACUGGGAUGUCACUGAAUAUGGU,0
AACAACAAAAUCACUAGUCUUCCA,1
CUGCCAGCCCCGUUCCAGGGCA,1
UAUGGAAAGACUUUGCCACUCU,0
UCUGCAGGGUUUGCUUUGAG,0
UAGGUUAUCCGUGUUGCCUUCG,1
UAGUUCUUCCCUUUGCCCAAUU,0
AGGUUGCCUGUGAGGUGUUCA,1
AGGCACGGUGUCAGCAGGC,1
AAUAUUAUACAGUCAACCUCU,1
UUAUAAAGCAAUGAGACUGAUU,1
AGCUGGUAAAAUGGAACCAAAU,1
GUAGAUUCUCCUUCUAUGAGUA,1
UAGAGUCUGGCUGAUAUGGUUU,0
CCUGAUCCCACAGCCCACCU,0
UUCUGGAUAUGAAGACAAUCAA,0
AGGGUAAGCUGAACCUCUGAU,0
UGUGGUAGAUAUAUGCACGAU,0
GGAUAUCAUCAUAUACUGUAAG,1
UCACUGUUCAGACAGGCGGA,0
AGCAAAAUAAGCAAAUGGAAAA,1
CCUGUUCUCCAUUACUUGGCU,1
UGUGACUGCAUUAUGAAAAUUCU,0
ACGGAGACGACAAGACUGUGCUG,0
UUCAACGGGUAUUUAUUGAGCA,1
GAACGGCUUCAUACAGGAGUU,1
ACAGGCGGCUGUAGCAAUGGGGG,0
ACAAAAAAAAAAGCCCAACCCUUC,1
CACACAAGUGGCCCCCAACACU,0
UGAUCUCACCGCUGCCUCCUUC,0
AAAAGUACUUGCGGAUUUUGCU,1
AUGAAGUGCACUCAUGAUAUGU,0
CUUGGAUUUUCCUGGGCCUCAG,0
CUUCCUCGUCUGUCUGCCCC,0
UGUUCAUGUAGAUGUUUAAGC,0
UAGCACCAUCUGAAAUCGGUUA,1
UUAAUGCUAAUCGUGAUAGGGGUU,1
UAAAGUGCUUAUAGUGCAGGUAG,1
GACACAUGACCAUAAAUGCUAA,0
CCACUUGGAUCUGAAGGCUGCCC,1
AGUGCCUGCUAUGUGCCAGGCA,0
UCUCUUCAUCUACCCCCCAG,1
GUGGGUAGGGUUUGGGGGAGAGCG,0
AGACUGACGGCUGGAGGCCCAU,0
CUGCCCUGGCCCGAGGGACCGA,1
CACAAGGUAUUGGUAUUACCU,0
GGAGGGGUCCCGCACUGGGAGG,0
ACUGCAGUGAAGGCACUUGUAG,1
AGGUUGUCCGUGUUGUCUUCUCU,1
UGUUGCAAGUCGGUGGAGACGU,0
UUGAAAGGCUAUUUCUUGGUC,1
GACUGGACAAGCUGAGGAA,0
UAGCUUAUCAGACUGAUGUUGA,1
AGUGUGGCUUUCUUAGAGC,0
AGGCGGGGCGCCGCGGGACCGC,0
CUGUACAGGCCACUGCCUUGC,1
UCCCCUUCCUCCCUGCCCAG,1
GUGGGUACGGCCCAGUGGGGGG,1
CAGUGCAAUGAUGAAAGGGCAU,1
UCUGUAUUCUCCUUUGCCUGCAG,0
GCUUGUCGCUGCGGUGUUGCU,0
UUGUGGCUGGUCAUGAGGCUAA,0
AUGCACCUGGGCAAGGAUUCUG,1
AACCCGUAGAUCCGAACUUGUG,1
UCUCUGGAGGGAAGCACUUUCUG,1
CAAAAACCACAGUUUCUUUUGC,0
AGGAGAGUGGAUUCCAGGUGGU,1
UGAGGCUCUGUUAGCCUUGGCUC,0
GAGAAAUGCUGGACUAAUCUGC,0
UUUCUAUUUCUCAGUGGGGCUC,1
AGGUUGACAUACGUUUCCC,0
CAGGGCCUCACUGUAUCGCCCA,0
ACUGAUUUCUUUUGGUGUUCAG,0
UAAUGAUUCAUCAGACUCAGAU,0
AGGUUCUGUGAUACACUCCGACU,1
AUAGUGGUUGUGAAUUUACCUU,0
CAGGUCGUCUUGCAGGGCUUCU,1
AAAAGUAAUUGCGGUUUUUGCC,1
UCUGGGCAACAAAGUGAGACCU,1
CAAGGGACCAAGCAUUCAUUAU,0
AUAAUACAACCUGCUAAGUGCU,0
AGGAGGCAUCUUGAGAAAUGGA,0
ACGUUGGCUCUGGUGGUG,0
UCAGAACAAAUGCCGGUUCCCAGA,0
CUGUAAUAUAAAUUUAAUUUAUU,0
UUUCUUCUUAGACAUGGCAACG,0
GAGGCAGAAGCAGGAUGACA,0
AGCAAGGCGGCAUCUCUCUGAU,0
CAGUAACAAAGAUUCAUCCUUGU,0
UGGAGAGAAAGGCAGUUCCUGA,1
AAUGUUUUUUCCUGUUUCC,0
AGGGUGGGGCUGGAGGUGGGGCU,1
UUUGUUCGUUCGGCUCGCGUGA,1
GAGGGUCUUGGGAGGGAUGUGAC,0
AAACUAAUCUCUACACUGCUGC,0
AAAUAUAUAUAUAUAUGUACGUAU,1
UGUGAGGUUGGCAUUGUUGUCU,1
UGUGUCACUCGAUGACCACUGU,0
AAGUGCCGCCAUCUUUUGAGUGU,1
UGAGUUGGCCAUCUGAGUGAG,0
UGUCUUGCAGGCCGUCAUGCA,1
AAAGUGCUUCCUUUUUGAGGG,1
CCCUUGGGUCUGAUGGGGUAG,0
UGGGUGGUCUGGAGAUUUGUGC,1
UCGAGGACUGGUGGAAGGGCCUU,0
UAAAUUUCACCUUUCUGAGAAGA,0
GUUCCACACUGACACUGCAGAAGU,0
GCGGGGGUGGCGGCGGCAUCCC,1
CGGGGUCGGCGGCGACGUG,1
AAAAUUUCUUUCACUACUUAG,0
UGGGCUGGCAGGGCAAGUGCUG,0
GUGUCUGGGCGGACAGCUGC,0
AGAGGUUGCCCUUGGUGAAUUC,1
AUCCCACCACUGCCACCAU,1
CAGUGGCCAGAGCCCUGCAGUG,1
CAUUGCACUUGUCUCGGUCUGA,1
GCAGCAGGGUGAAACUGACACA,0
AACGCCAUUAUCACACUAAAUA,0
UUAAGACUUGCAGUGAUGUUU,1
UGAAACUGGAGCGCCUGGAGGA,0
AGGCCAUCAGCAGUCCAAUGAA,0
AAGAGAACUGAAAGUGGAGCCU,0
CAAAGUGCCUCCCUUUAGAGUG,1
UCCCACUACUUCACUUGUGA,0
UCUCACUGUAGCCUCGAACCCC,1
UCUGAAUUGUAAGAGUUGUUA,0
CGGCGGGGACGGCGAUUGGUC,1
GGAGGAACCUUGGAGCUUCGGC,1
CUAUACAACUUACUACUUUCCC,1
CAACUAGACUGUGAGCUUCUAG,1
UGAGCCGAGCUGAGCUUAGCUG,0
UUGAGGAAAAGAUGGUCUUAUU,1
AGAAUUGCGUUUGGACAAUCAGU,0
CUCUAGAGGGAAGCACUUUCUG,1
CCAGUUACCGCUUCCGCUACCGC,0
UGGAGACGCGGCCCUGUUGGAGU,1
ACUGGACUUGGAGCCAGAAG,1
UAGCAAAAACUGCAGUUACUUU,0
GAAGGCGCUUCCCUUUAGAGCG,1
GUGAGGGCAUGCAGGCCUGGAUGGGG,1
AGGACUGGACUCCCGGCAGCCC,0
UCGGUUAUCAUGGUACCGAUGC,0
UCUAGUAAGAGUGGCAGUCGA,1
CUUCUUGUGCUCUAGGAUUGU,0
AUGUAUGUGUGCAUGUGCAUG,0
UGAGCGCCUCGACGACAGAGCCG,1
GCAAAGCACACGGCCUGCAGAGA,1
UCACAAAUCUAUAAUAUGCAGG,0
UGCCCCACCUGCUGACCACCCUC,0
CAGUGCAAGUGUAGAUGCCGA,0
AGUCAUUGGAGGGUUUGAGCAG,0
UUGGAGGCGUGGGUUUU,1
AGUUAAUGAAUCCUGGAAAGU,0
CAAGGAGACGGGAACAUGGAGC,0
UCACCAGCCCUGUGUUCCCUAG,0
AUCGUGCAUCCCUUUAGAGUGU,1
CGAGGGCAUUUCAUGAUGCAGGC,0
CAUGCUGACCUCCCUCCUGCCCCAG,0
AACUAGCUCUGUGGAUCCUGAC,0
GUUUUACCACCUCCAGGAGACU,0
UGUGACAGAUUGAUAACUGAAA,1
AUCAUAUGAACCAAACUCUAAU,0
AGGACUGAUCCUCUCGGGCAGG,0
CCCCUGGGGCUGGGCAGGCGGA,1
CCCAAUACACGGUCGACCUCUU,1
CCAGUAUUAACUGUGCUGCUGA,1
CAUCUGGGCAACUGACUGAAC,1
GAUGGUUGACCAGAGAGCACAC,1
CAAAUUCGUAUCUAGGGGAAUA,1
ACCAUCGACCGUUGAUUGUACC,1
ACGGAUGUUUGAGCAUGUGCUA,1
GUGGACCAGGAUGGCAAGGGCU,1
CUAGUGAGGGACAGAACCAGGAUUC,1
GUGGGCUGGGCUGGGCUGGGCC,1
AAACACCAUUGUCACACUCCAC,0
UGGCUCAGUUCAGCAGGAACAG,1
UGACCCACCCCUCUCCACCAG,1
GGGGUUCCUGGGGAUGGGAUUU,1
AAGCAAUACUGUUACCUGAAAU,0
GCUGACUCCUAGUCCAGGGCUC,1
UUGGCCACAAUGGGUUAGAAC,0
CGGGCUGUCCGGAGGGGUCGGCU,0
UAUUGCACUCGUCCCGGCCUCC,1
CAAUCACUAACUCCACUGCCAU,1
AAGCUGCCAGUUGAAGAACUGU,1
CUGGGCUCGGGACGCGCGGCU,0
AGUUGCCUUUUUGUUCCCAUGC,0
UCAUUUAUCUGUUGGGAAGCUA,0
GAUGCGCCGCCCACUGCCCCGCGC,0
UGUAGUUGUAUUGUAUUGCCAC,0
UGCCAACCGUCAGAGCCCAGA,1
AACAAUAUCCUGGUGCUGAGUG,1
AGCUCUGCUGCUCACUGGCAGU,0
UGGUGCGGAGAGGGCCCACAGUG,0
UCGCGGUUUGUGCCAGAUGACG,1
GUGGUUAUCCCUGUCCUGUUCG,1
UUUAAGAAAACACCAUGGAGAU,0
GCUCAGGGAUGAUAACUGUGCUGAGA,1
CUAUACAAUCUACUGUCUUUC,1
GCAGGCACAGACAGCCCUGGC,0
GGCCUUGUUCCUGUCCCCA,0
UGUCACUCGGCUCGGCCCACUAC,1
CGCCCCUCCUGCCCCCACAG,1
GAUGAGCUCAUUGUAAUAUGAG,0
AUGAUCCAGGAACCUGCCUCU,0
AAGACGGGAGGAAAGAAGGGAG,1
AUCACAUUGCCAGUGAUUACCC,0
AACCACUUUCUUUGCUCAUCCA,0
AAUGACACGAUCACUCCCGUUGA,1
CGUGCCACCCUUUUCCCCAG,0
CAAAGCGCUUCCCUUUGGAGC,1
UAGCAGCGGGAACAGUUCUGCAG,1
UGCCCUUAAAGGUGAACCCAGU,0
UUCAUUCGGCUGUCCAGAUGUA,1
UUGUGUCAAUAUGCGAUGAUGU,1
UUCUCUUUCUUUAGCCUUGUGU,0
AUCAAAUAAGGACUAGUCUGCA,0
AAAACCGUCUAGUUACAGUUGU,1
GGGUGAGGGCAGGUGGUU,1
UGUAAACAUCCUUGACUGGAAG,1
CCUGGCAUAUUUGGUAUAACUU,0
ACCACUGACCGUUGACUGUACC,1
AACAUUCAACGCUGUCGGUGAGU,1
GUGCCACCUUAACUGCAGCCAAU,0
UGUGCAGCAGGCCAACCGAGA,0
UGGCCGGAUGGGACAGGAGGCAU,0
GCAGAGUGCAAACAAUUUUGAC,0
UUUUGUGUCUCCCAUUCCCCAG,0
UGUGGAAGGUAGACGGCCAGAGA,0
GAGUGGGGCUUCGACCCUAACC,1
CUCUCUGGCCGUCUACCUUCCA,0
UGCAUCAGGCCAGAAGACAUGAG,0
AAAGGAGGAAAUAGGCAGGCCA,0
UGAGGUAGUAGAUUGUAUAGUU,1
AAAAGUAAUUGUGGUUUUGGCC,0
UGAGGUAGUAGGUUGUGUGGUU,1
CCCGGAGCCAGGAUGCAGCUC,1
GCUCUGACUUUAUUGCACUACU,1
CCUCCGUGUUACCUGUCCUCUAG,1
GAUUUCAGUGGAGUGAAGUUC,1
UGGGGAGCGGCCCCCGGGUGGG,1
UUUUGCAAUAUGUUCCUGAAUA,1
GAAGUGUGCCGUGGUGUGUCU,1
UCUCCCUUCCUGCCCUGGCUAG,0
CUGGAUGGCUCCUCCAUGUCU,1
UCAGACAGUUUGGUGCGCUAGUUG,1
UUCGGGCUGGCCUGCUGCUCCGG,0
AGUGGGAGGCCAGGGCACGGCA,0
GGUCGUAUGUGUGACGCCAUUU,1
AGAAGGCACUAUGAGAUUUAGA,0
AUGUCCAUAUUAUGGGUUAGU,1
UACUCCAGAGGGCGUCACUCAUG,1
GCAGCAGAGAAUAGGACUACGUC,0
CUGACUGAAUAGGUAGGGUCAUU,0
ACUGACAGGAGAGCAUUUUGA,0
AUGUGCCUGAGGGAGUAAGACA,0
AUUGACACCUCUGUGAGUGGA,0
AGCGCGGGCUGAGCGCUGCCAGUC,1
UGGGGGAGCCAUGAGAUAAGAGCA,0
GGGGCGCGGCCGGAUCG,0
UGUCAGUGACUCCUGCCCCUUGGU,0
GGGUGCGGGCCGGCGGGG,1
UAAGGUGCAUCUAGUGCAGUUAG,1
UGUCUGCCCGCAUGCCUGCCUCU,1
ACUCUAGCUGCCAAAGGCGCU,1
AAUGCACCUGGGCAAGGAUUCA,1
GUCCGCUCGGCGGUGGCCCA,1
AGCUGGUGUUGUGAAUCAGGCCG,1
AGCCAGGCUCUGAAGGGAAAGU,0
UCUAAAGACUAGACUUCGCUAUG,0
CUGCAGAGUUUGUACGGACCGG,0
AAAAGCUGGGUUGAGAGGGCGA,1
ACCAGGAGGCUGAGGCCCCU,0
UGCAACGAACCUGAGCCACUGA,1
GAGCCAGUGGUGAGACAGUGA,0
CUAUACGGCCUCCUAGCUUUCC,1
AGGGGGAAAGUUCUAUAGUCC,1
AGUAUUCUGUACCAGGGAAGGU,1
UUUUGCACCUUUUGGAGUGAA,1
CUUAGCAGGUUGUAUUAUCAUU,1
AAGGCAGGGCCCCCGCUCCCC,0
GUUAGGGCCAACAUCUCUUGG,0
GCGAGGACCCCUCGGGGUCUGAC,1
CCCCGGGAACGUCGAGACUGGAGC,1
UCAGGCUCAGUCCCCUCCCGAU,0
CCAGACUGUGGCUGACCAGAGG,0
UGGAUUUCUUUGUGAAUCACCA,1
CAGCCACAACUACCCUGCCACU,0
CUAUACAAUCUAUUGCCUUCCC,1
UAUGCAUUGUAUUUUUAGGUCC,0
UCGACAGCACGACACUGCCUUC,0
AAAGCGCUUCCCUUCAGAGUG,1
UAGGCACACUUAAAGUUAUAGC,0
ACAGUAGAGGGAGGAAUCGCAG,0
GAAGGCGCUUCCCUUUGGAGU,0
CAGGCAGUGACUGUUCAGACGUC,0
CAUGACGUCACAGAGGCUUCGC,0
UUCACCACCUUCUCCACCCAGC,1
AGAACUCUUGCAGUCUUAGAUGU,0
UUGCAUGUCAGAUUGUAAUUCCC,0
CUGGUUUCACAUGGUGGCUUAG,1
AAACAAACAUGGUGCACUUCUU,1
AAUUUGGUUUCUGAGGCACUUAGU,0
CAGAGAAUUGUUUAAUC,0
GAGGUUUUCUGGGUUUCUGUUUC,1
CAGGUCACGUCUCUGCAGUUAC,1
AAAUUCUGUUGCAGCAGAUAGC,1
AGUUUUGCAGGUUUGCAUUUCA,0
ACAAAGUACAGCAUUAGCCUUAG,0
AACUGGCCCUCAAAGUCCCGCU,1
GGCCAGCCACCAGGAGGGCUG,1
AAGUGCUGUCAUAGCUGAGGUC,1
AAAGUUCUGAGACACUCCGACU,1
UGGUAGACUAUGGAACGUAGG,1
UGUGCUUGCUCGUCCCGCCCGCA,1
UGGGGCUAGUGAUGCAGGACG,0
UCCUUCUGCUCCGUCCCCCAG,0
ACAUUCCCCGCAAACAUGACAUG,1
AGGUGCUCCAGGCUGGCUCACA,1
AAGGGGGAAGGAAACAUGGAGA,0
AGGAAAUGAGGCUGGCUAGGAGC,0
AACUGGCCUACAAAGUCCCAGU,1
UCAAGUAGUUUCAUGAUAAAGG,0
UGGUUGACCAUAGAACAUGCGC,1
ACUGGGCUUGGAGUCAGAAG,1
CAGUGCAAUGUUUUCCUU,0
AACCCAGUGGGCUAUGGAAAUG,0
CGGGCGUGGUGGUGGGGG,0
ACGGUGCUGGAUGUGGCCUUU,0
CAGGGGGACUGGGGGUGAGC,1
UCAAGUCACUAGUGGUUCCGUUUAG,1
CACAGGCUUAGAAAAGACAGU,0
GGAGACUGAUGAGUUCCCGGGA,1
CCCAGUGUUCAGACUACCUGUUC,1
UGUCACCCGCUCCUUGCCCAG,1
UCUGGCCUUGACUUGACUCUUU,0
UUCUGCCUCUGUCCAGGUCCUU,0
CCUGCUGGUCAGGAGUGGAUACUG,0
UGGAGAUCCAGUGCUCGCCCGAU,0
UAGUGGUCCUAAACAUUUCACA,1
CACCUUGCGCUACUCAGGUCUG,1
UUGUGGAUCUCAAGGAUGUGCU,0
UGAGUGAUUGAUAGCUAUGUUC,0
AAUAGGCCACGGAUCUGGGCAA,0
UAGUGCAAUAUUGCUUAUAGGGU,1
UCUGCACUGUGAGUUGGCUGGCU,0
AGACACUAUACGAGUCAUAU,0
GCUGAUGAUGAUGGUGCUGAAG,0
GUGUGCGGAAAUGCUUCUGCU,1
CAGUGCAAUGAUAUUGUCAAAGC,1
AGGGGUGCUAUCUGUGAUUGA,1
UAAAUAGAGUAGGCAAAGGACA,1
GUGCUUCAUCGUAAUUAACCUUA,0
CAAGUCUUAUUUGAGCACCUGUU,1
AAAGUGCAUCCUUUUAGAGGUU,1
UCUUUUCUUUGAGACUCACU,1
UCAAGAGCAAUAACGAAAAAUGU,1
ACAGGGCCGCAGAUGGAGACU,0
GAAGAUGGUGCUGUGCUGAGGAA,0
UGAGGUAGUAGGUUGUAUAGUU,1
AGGGCCAGAGGAGCCUGGAGUGG,0
AGGUAGAAUGAGGCCUGACAU,0
AAAAGUAAUUGUGGAUUUUGCU,0
UCAUAGCCCUGUACAAUGCUGCU,0
AGGUGUUAUCCUAUCCAUUUGC,0
GUGUCUGCUUCCUGUGGGA,1
CCUGGACACCGCUCAGCCGGCCG,0
GCUAAGGAAGUCCUGUGCUCAG,1
UUCCAUGCCUCCUAGAAGUUCC,0
CUCAAGAUGGAAGCAGUUUCUG,1
UGCCCCAUCUGUGCCCUGGGUAGGA,0
AUGGCAUCGUCCCCUGGUGGCU,0
AGAUCGACCGUGUUAUAUUCGC,1
AAUCAUGUGCAGUGCCAAUAUG,1
UUCCUAUGCAUAUACUUCUUUG,1
UACCCAGAGCAUGCAGUGUGAA,1
AGCCCCCUGGCCCCAAACCC,0
UCACGCGGAGAGAUGGCUUUG,0
CAGUUCAGAAGUGUUCCUGAGU,0
UGCAAAAGUAAUUGCAGUUUUUG,0
AGGAUAGGAAGAAUGAAGUGCU,0
GGGGUAUUGUUUCCGCUGCCAGG,0
UGUCUAUACUCUGUCACUUUAC,0
GUGAGUGGGAGCCGGUGGGGCUG,1
CGGCUCUGGGUCUGUGGGGA,1
CAUGCCUUGAGUGUAGGACCGU,1
UUCUAGAUGAGAGAUAUAUAUA,0
UAAAAACUGCAAUUACUUUUA,0
UGAGGCAGUAGAUUGAAU,1
UCCUUCAUUCCACCGGAGUCUG,1
ACUGGACUAGGAGUCAGAAGG,0
AGACUUCCCAUUUGAAGGUGGC,1
UUUGGCAAUGGUAGAACUCACACU,1
CUACAAAGGGAAGCACUUUCUC,1
UUACACAGCUGGACAGAGGCA,0
ACUAAAUGUCAAACAUAUUCU,1
AUUCUAAUUUCUCCACGUCUUU,1
AUCCCCAGAUACAAUGGACAA,0
UUGUACAUGGUAGGCUUUCAUU,1
AUCCUUGCUAUCUGGGUGCUA,1
AGAGGUAUAGGGCAUGGGAA,1
GGGUGGGGAUUUGUUGCAUUAC,0
UCCGAGCCUGGGUCUCCCUCUU,1
CUAGGUAUGGUCCCAGGGAUCC,1
UCUCUCGGCUCCUCGCGGCUC,1
CUCAAGUAGUCUGACCAGGGGA,0
AGCAGAAGCAGGGAGGUUCUCCCA,1
UAAAGUGCUGACAGUGCAGAU,1
UACCCAUUGCAUAUCGGAGUUG,1
CAGGAAGGAUUUAGGGACAGGC,0
CAUCUUACUGGGCAGCAUUGGA,1
AUAAAGCUAGAUAACCGAAAGU,1
UGAAUGGUAAAGCGAUGUCACA,0
UAACGCAUAAUAUGGACAUGU,1
UCAACAAAAUCACUGAUGCUGGA,1
UAUUCAUUUAUCCCCAGCCUACA,1
GACACGGGCGACAGCUGCGGCCC,1
CUGGGGUUCUGAGACAGACAGU,0
GUGAGUCUCUAAGAAAAGAGGA,1
UGGGCCAUGCAUUUCUAGAACU,0
GGGAUGGUAGACCGGUGACGUGC,0
UGGGGCGGAGCUUCCGGAGGCC,1
UUAGAACGUUUUAGGGUCAAAU,0
ACGCCCUUCCCCCCCUUCUUCA,1
AAUGUGGAAGUGGUCUGAGGCAU,1
GCUGGUGACAUGAGAGGC,0
CCCUGUGCCCGGCCCACUUCUG,0
UGGGAACUUAGUAGAGGUUUAA,0
GAGGAAACUGAAGCUGAGAGGG,0
CCAGACAGAAUUCUAUGCACUUUC,0
AAAGUGCUGCGACAUUUGAGCGU,1
UUCACAGGGAGGUGUCAU,1
UCCCCAACCCCUGCCCGCAG,1
ACUGCUGAGCUAGCACUUCCCG,1
ACUGGCCUGGGACUACCGG,0
GAAAGCGCUUCCUUUUAGAGGA,1
AGAGUCUUGUGAUGUCUUGC,0
CAAAAACCGCAAUUACUUUUGCA,1
CCUAUUCUUGGUUACUUGCACG,1
GAGGGCAGCGUGGGUGUGGCGGA,0
AUGUAGGGAUGGAAGCCAUGAA,0
AGCCGCUCUUCUCCCUGCCCACA,0
UGAGCCCCUGUGCCGCCCCCAG,0
AGGUCUGCAUUCAAAUCCCCAGA,0
GGUGGCCCGGCCGUGCCUGAGG,1
AGUAUGUUCUUCCAGGACAGAAC,0
AUGCUACUCGGAAAUCCCACUGA,0
ACUGUAGUAUGGGCACUUCCAG,1
GUGCAUGGCUGUAUAUAUAACA,0
CUGGCGGAGCCCAUUCCAUGCCA,0
GUGUUAAUUAAACCUCUAUUUAC,0
AGGGGACCAAAGAGAUAUAUAG,0
GGCUGGUCAGAUGGGAGUG,1
UCCAGGCAGGAGCCGGACUGGA,0
AACAGGUGACUGGUUAGACAA,0
UUGGGGUUUGGGGUGCAGACAUUGC,0
UAAAACCCACAAUUAUGUUUGU,0
AGGAUGAGCAAAGAAAGUAGAUU,0
AGAGGUUAUCCGUGUUAUGUUC,1
GCUACUUCACAACACCAGGGCC,1
AUCCCACCUCUGCCACCA,1
CCUCUGGGCCCUUCCUCCAG,1
CGUCAACACUUGCUGGUUUCCU,1
UUAGUCUCAUGAUCAGACACA,0
UUGGGGGUGAGGUUGGUGUCUGG,0
AGACCUGGCCCAGACCUCAGC,0
AAUUGCACGGUAUCCAUCUGUA,1
GUGAACGGGCGCCAUCCCGAGG,0
UGGAAACAUUUCUGCACAAACU,1
AGGGAAGGGGACGAGGGUUGGG,0
AGGCAAGAUGCUGGCAUAGCU,1
ACCUGCCAGCACCUCCCUGCAG,1
AGAGUUGAGUCUGGACGUCCCG,0
ACUGGACUUGGAGUCAGAAA,1
ACCUUCCUCUCCAUGGGUCUUU,0
CUUCCGCCCCGCCGGGCGUCG,0
UUCAUUUGGUAUAAACCGCGAUU,1
UGCCUGUCUACACUUGCUGUGC,1
UCUCAGGAGUAAAGACAGAGUU,1
UUAGCGGUGGACCGCCCUGCG,0
CCAGGGAGGCGUGCCUGGGC,1
UGCGACAUUGGAAGUAGUAUCA,0
UGGCAGUGUAUUGUUAGCUGGU,1
UUAGUCCUGCCUGUAGGUUUA,0
UCCUCUUCUCCCUCCUCCCAG,1
UCCUGCGCGUCCCAGAUGCCC,0
AGAGCUCACAGCUGUCCUUCUCUA,0
CUAUUAAGGACAUUUGUGAUUC,0
CAAAAGUAAUUGUGGAUUUUGU,1
UCCCUCCUUCUGUCCCCACAG,0
GCUCGGACUGAGCAGGUGGG,0
UGGAGGAGAAGGAAGGUGAUG,1
UCACAGUGAACCGGUCUCUUU,1
UUUGGACAGAAAACACGCAGGU,0
AGAGGAUACCCUUUGUAUGUU,0
GCGACCCACUCUUGGUUUCCA,0
UGGCCCUGACUGAAGACCAGCAGU,1
GUGAGUAGUGGCGCGCGGCGGC,1
ACCCGUCCCGUUCGUCCCCGGA,1
ACAGCAGGCACAGACAGGCAGU,1
UGGGAUGAGGGAUUGAAGUGGA,0
AGCUGAGCUCCAUGGACGUGCAGU,0
GGCGGCGGGGAGGUAGGCAG,1
ACGGGUUAGGCUCUUGGGAGCU,1
CGGCCCGGGCUGCUGCUGUUCCU,0
GUGAGUCAGGGUGGGGCUGG,0
UGUCGUGGGGCUUGCUGGCUUG,0
CUAUAUAUCAAACAUAUUCCU,1
AAACCUGUGUUGUUCAAGAGUC,1
CGGGUAGAGAGGGCAGUGGGAGG,1
AUGUCCCACCCCCACUCCUGU,1
CAAAGUCCUUCCUAUUUUUCCC,0
AUAAUACAUGGUUAACCUCUUU,1
UGGGGGUGUGGGGAGAGAGAG,1
CACAUUACACGGUCGACCUCU,1
GCCUAUCACAUAUCUGCCUGU,0
CAUACAAUCUGACAUGUAUUU,0
UGAAACAUACACGGGAAACCUC,1
GUGAAUUACCGAAGGGCCAUAA,1
GCAGUAGUGUAGAGAUUGGUUU,0
UUCACUGGAGUUUGUUUCAAUA,0
AUGGGGUGAGAUGGGGAGGAGCAGC,0
AGAAGGGGUGAAAUUUAAACGU,0
CAAUGUUUCCACAGUGCAUCAC,1
AUCGUGCAUCCUUUUAGAGUGU,1
AAAGGUAAUUGUGGUUUCUGC,0
AUUCCUAGAAAUUGUUCAUA,1
CAACCUCGACGAUCUCCUCAGC,0
UAGAGGAAGCUGUGGAGAGA,0
CGCCUCUUCAGCGCUGUCUUCC,0
AAAAGUUAUUGCGGUUUUGGCU,0
UAGGAGGGAAUAGUAAAAGCAG,0
AAGAAGAGACUGAGUCAUCGAAU,0
CAAAGUUUAAGAUCCUUGAAGU,0
UCUGAGGCCUGCCUCUCCCCA,0
CUAGUGCUCUCCGUUACAAGUA,1
CAGGGUCAGCUGAGCAUG,0
GUCCACUUCUGCCUGCCCUGCC,0
UAAUCCUUGCUACCUGGGUGAGA,1
CAAAAACUGCAAUUACUUUCA,0
UGCCCUAAAUGCCCCUUCUGGC,0
UUAGACCUAGUACACGUCCUU,0
CUCCGGGACGGCUGGGC,1
UGGGCGAGGGGUGGGCUCUCAGAG,0
AGUGGCACAUGUUUGUUGUGAG,1
UGCAGGACCAAGAUGAGCCCU,0
UGCCUACUGAGCUGAUAUCAGU,1
CAAAGUGCUUACAGUGCAGGUAG,1
AGGGGGAUGGCAGAGCAAAAUU,1
AGGUUACCCGAGCAACUUUGCAU,1
UGAGCCCUGUCCUCCCGCAG,0
AUUGUCCCUCUCCCUUCCCAG,1
AAAAUGGUGCCCUAGUGACUACA,0
CCGGUCCCAGGAGAACCUGCAGA,0
ACUUUAACAUGGAAGUGCUUUC,1
AAGUAGUUGGUUUGUAUGAGAUGGUU,0
UCUCACCCCAACUCUGCCCCAG,1
GAUCUCACUUUGUUGCCCAGG,0
UCUCCCUUGAGGGCACUUU,0
CUCCAGAGGGAUGCACUUUCU,1
UGAGACCUCUGGGUUCUGAGCU,1
CUGGGGAGAUCCUCGAGGUUGG,0
GUGUGGCCGGCAGGCGGGUGG,1
AAACUCUACUUGUCCUUCUGAGU,1
GAUAUCAGCUCAGUAGGCACCG,1
AGGGCAUAGGAGAGGGUUGAUAU,0
UGGGGGAGGGUGCCCUGGUUGA,1
UCAGUCACAUAUCUAGUGUCUA,0
AGAAAGGUGGAGGGGUUGUCAGA,0
AUACACAUACACGCAACACACAU,1
CCACCGGGGGAUGAAUGUCAC,1
GGGGAGCUGUGGAAGCAGUA,0
ACUUCACCUGGUCCACUAGCCGU,1
UAAAUCCCAUGGUGCCUUCUCCU,0
CUGGGACAGGAGGAGGAGGCAG,0
CAGGGCUGGCAGUGACAUGGGU,1
UGUGCAAAUCUAUGCAAAACUGA,1
GAGUUCUACAGUCAGAC,1
GAAGUGCUUCGAUUUUGGGGUGU,1
CUUGGCACCUAGCAAGCACUCA,1
ACUAAAGGAUAUAGAAGGUUUU,0
AGGGACGGGACGCGGUGCAGUG,1
GACUCACUCACAGGAUUGUGCA,0
UCCAGUACCACGUGUCAGGGCCA,1
CUUGCCAUCCUGGUCCACUGCAU,0
CUAUACAACCUACUGCCUUCCC,1
UGCCCAUGCCAUACUUUUGCCUCA,0
GCUCUGACGAGGUUGCACUACU,0
GGCUGGAGCGAGUGCAGUGGUG,0
CGUGUUCACAGCGGACCUUGAU,1
UUUCCUACCCUACCUGAAGACU,0
CUGCCAUGUCUAAGAAGAAAAC,0
UGUGUGGAUCCUGGAGGAGGCA,0
UGGGGGAGUGCAGUGAUUGUGG,1
GCUAGUCCUGACUCAGCCAGU,0
UCUGUGAGACCAAAGAACUACU,0
GAAUACUAAGUAAAAAAUCAGUA,1
UCUGGGCACAGGCGGAUGGACAGG,1
UAAGGGGUGUAUGGCAGAUGCA,0
UCGUGGCCUGGUCUCCAUUAU,0
GUCAUACACGGCUCUCCUCUCU,1
AUCAUGAUGGGCUCCUCGGUGU,1
CGUCCCGGGGCUGCGCGAGGCA,0
UAGUACUGUGCAUAUCAUCUAU,1
UGUCCUCUAGGGCCUGCAGUCU,1
AUGGAGAUAGAUAUAGAAAU,0
CAAAAGUGAUUGUGGUUUUUGC,0
ACUGAUUAUCUUAACUCUCUGA,0
UUGCUAAGUAGGCUGAGAUUGA,0
ACUCUUUCCCUGUUGCACUAC,1
GCUGACAGCAGGGCUGGCCGCU,0
AAUGUAAACAGGCUUUUUGCU,0
AACAUCACUGCAAGUCUUAACA,1
AAAUCUCUGCAGGCAAAUGUGA,1
CUUUUUGCGGUCUGGGCUUGC,1
CAGGCGUCUGUCUACGUGGCUU,0
ACCUGGACCCAGCGUAGACAAAG,0
GUGAGGACUCGGGAGGUGG,1